<?xml version="1.0" encoding="UTF-8" ?>
<!DOCTYPE mapper
PUBLIC "-//mybatis.org//DTD Mapper 3.0//EN"
"http://mybatis.org/dtd/mybatis-3-mapper.dtd">
<mapper namespace="cn.dsscm.dao.OrderMapper">
    <resultMap type="Order" id="orders">
       <id column="oid" property="id"/>
       <result column="ocreationDate" property="creationDate"/>
       <result column="ocreatedBy" property="createdBy"/>
       <collection property="products" ofType="Product">
          <id column="pid" property="id"/>
          <result column="odstock" property="stock"/>
       </collection>
    </resultMap>

	<select id="getOrders" resultMap="orders">
	SELECT *,o.id oid,p.id pid,o.creationDate ocreationDate,o.createdBy ocreatedBy,od.quantity odstock
	  FROM tb_order o,tb_order_detail od,tb_product p
	 WHERE o.id=od.orderId AND od.productId=p.id
	       <if test="oid!=null and oid>0">
	           and oid=#{oid}
	       </if>
	       <if test="userName != null and userName != ''">
				and o.userName like CONCAT ('%',#{userName},'%')
			</if>
	       <if test="status!=null and status>0">
	           and o.status=#{status}
	       </if>
	</select>
	
	<insert id="saveOrder" parameterType="Order">
		INSERT INTO tb_order ( userName, customerPhone,  userAddress,  
		          proCount, cost,serialNumber,  status, payType,  
		          createdBy,  creationDate)
		VALUES (#{userName}, #{customerPhone},  #{userAddress},  
				#{proCount}, #{cost},  #{serialNumber},  #{status}, 
				#{payType}, #{createdBy},  #{creationDate})
	</insert>
	
	<insert id="saveOrderDetail" parameterType="OrderDetail">
		INSERT INTO tb_order_detail (orderId,  productId,  quantity, cost )
		VALUES (#{orderId},  #{productId},  #{quantity}, #{cost})
	</insert>
	
	<delete id="deleteOrder">
	   DELETE FROM tb_order WHERE id=#{id}
	</delete>
	
	<delete id="deleteOrderDetails">
	   DELETE FROM tb_order_detail WHERE orderId in
	   		 <foreach collection="array" item="ids" 
			     open="(" separator="," close=")">
			     #{ids}
			 </foreach>
	</delete>
	
	<update id="updateOrder" parameterType="Order">
	    update tb_order
		<trim prefix="set" suffixOverrides="," suffix="where id = #{id}">
			<if test="userName != null">userName=#{userName},</if>
			<if test="customerPhone != null">customerPhone=#{customerPhone},</if>
			<if test="userAddress != null">userAddress=#{userAddress},</if>
			<if test="proCount != null">proCount=#{proCount},</if>
			<if test="cost != null">cost=#{cost},</if>
			<if test="serialNumber != null">serialNumber=#{serialNumber},</if>
			<if test="status != null">status=#{status},</if>
			<if test="payType != null">payType=#{payType},</if>
			<if test="modifyBy != null">modifyBy=#{modifyBy},</if>
			<if test="modifyDate != null">modifyDate=#{modifyDate},</if>
		</trim>
	</update>
	
	<update id="updateOrderDetails" parameterType="OrderDetail">
	    update tb_order_detail
		<trim prefix="set" suffixOverrides="," suffix="where id = #{id}">
			<if test="orderId != null">orderId=#{orderId},</if>
			<if test="productId != null">productId=#{productId},</if>
			<if test="quantity != null">quantity=#{quantity},</if>
			<if test="cost != null">cost=#{cost},</if>
		</trim>
	</update>
	
	
</mapper>