<?xml version="1.0" encoding="UTF-8" ?>
<!DOCTYPE mapper
PUBLIC "-//mybatis.org//DTD Mapper 3.0//EN"
"http://mybatis.org/dtd/mybatis-3-mapper.dtd">

<mapper namespace="cn.dsscm.dao.ProductCategoryMapper">
	<select id="findById" resultType="ProductCategory">
		select * 
		  from tb_product_category 
		 where id=#{id}
	</select>
	
	<resultMap type="ProductCategory" id="pclist">
	   <id column="id" property="id"/>
	   <collection property="productCategories" ofType="ProductCategory">
	      <id column="pc2id" property="id"/>
	      <result column="pc2name" property="name"/>
	      <result column="pc2pid" property="parentId"/>
	      <collection property="productCategories" ofType="ProductCategory">
		      <id column="pc3id" property="id"/>
		      <result column="pc3name" property="name"/>
		      <result column="pc3pid" property="parentId"/>
		   </collection>
	   </collection>
	</resultMap>
	
	<select id="findProductCategories" resultMap="pclist">
		SELECT pc1.*, pc2.id pc2id, pc2.name pc2name, 
		       pc2.parentId pc2pid, pc3.id pc3id, 
		       pc3.name pc3name, pc3.parentId pc3pid
		FROM tb_product_category pc1,
		     tb_product_category pc2,
		     tb_product_category pc3
		WHERE pc1.id=pc2.parentId AND pc2.id =pc3.parentId
	</select>
	
	<select id="getRootCategories" resultType="ProductCategory">
		select * 
		  from tb_product_category 
		 where parentId=#{parentId}
	</select>

	<insert id="save" parameterType="ProductCategory">
		INSERT INTO tb_product_category (id, NAME, parentId, TYPE, iconClass )
		VALUES (#{id}, #{name}, #{parentId}, #{type}, #{iconClass} )

	</insert>

	<update id="update" parameterType="ProductCategory">
		update tb_product_category
		<trim prefix="set" suffixOverrides="," suffix="where id = #{id}">
			<if test="name != null">name=#{name},</if>
			<if test="parentId != null">parentId=#{parentId},</if>
			<if test="type != null">type=#{type},</if>
			<if test="iconClass != null">iconClass=#{iconClass},</if>
		</trim>
	</update>

	<delete id="delete" parameterType="Integer">
		delete from
		tb_product_category where id=#{id}
	</delete>

	<select id="codeIsExist" resultType="int">
		select count(*) as count
		from tb_product_category where id=#{id}
	</select>

</mapper>