<?xml version="1.0" encoding="UTF-8" ?>
<!DOCTYPE mapper
PUBLIC "-//mybatis.org//DTD Mapper 3.0//EN"
"http://mybatis.org/dtd/mybatis-3-mapper.dtd">

<mapper namespace="cn.dsscm.dao.ProviderMapper">
	
	<select id="getProviderList" resultType="provider">
		select * from tb_provider p
		<where>
			<if test="proName != null and proName != ''">
				and p.proName like CONCAT ('%',#{proName},'%') 
			</if>
			<if test="proCode != null and proCode != ''">
				and p.proCode like CONCAT ('%',#{proCode},'%') 
			</if>
		</where>
		order by creationDate DESC
	</select>
	
	<select id="getProList" resultType="provider">
		select * from tb_provider p order by creationDate DESC 
	</select>
	
	<select id="getProviderCount" resultType="Int">
		select count(1) as count from tb_provider p
		<where>
			<if test="proName != null and proName != ''">
				and p.proName like CONCAT ('%',#{proName},'%') 
			</if>
			<if test="proCode != null and proCode != ''">
				and p.proCode like CONCAT ('%',#{proCode},'%') 
			</if>
		</where>
	</select>
	
	<select id="getProviderById" resultType="provider">
		select * from tb_provider p where p.id=#{id} 
	</select>
	
	
	<insert id="add" parameterType="provider">
		insert into tb_provider (proCode,proName,proDesc,proContact,proPhone,proAddress,
									proFax,createdBy,creationDate,companyLicPicPath,orgCodePicPath) 
				values (#{proCode},#{proName},#{proDesc},#{proContact},#{proPhone},#{proAddress},
				#{proFax},#{createdBy},#{creationDate},#{companyLicPicPath},#{orgCodePicPath})
	</insert>
	
	<update id="modify" parameterType="provider">
	 update tb_provider 
		 <trim prefix="set" suffixOverrides="," suffix="where id = #{id}">
	 		<if test="proCode != null">proCode=#{proCode},</if>
			<if test="proName != null">proName=#{proName},</if>
			<if test="proDesc != null">proDesc=#{proDesc},</if>
			<if test="proContact != null">proContact=#{proContact},</if>
			<if test="proPhone != null">proPhone=#{proPhone},</if>
			<if test="proAddress != null">proAddress=#{proAddress},</if>
			<if test="proFax != null">proFax=#{proFax},</if>
			<if test="modifyBy != null">modifyBy=#{modifyBy},</if>
			<if test="modifyDate != null">modifyDate=#{modifyDate},</if>
			<if test="companyLicPicPath != null">companyLicPicPath=#{companyLicPicPath},</if>
			<if test="orgCodePicPath != null">orgCodePicPath=#{orgCodePicPath},</if>
		 </trim>
	</update>
	
	<delete id="deleteProviderById" parameterType="Integer">
		delete from tb_provider where id=#{id}
	</delete>
</mapper>