<?xml version="1.0" encoding="UTF-8"?>
<beans xmlns="http://www.springframework.org/schema/beans"
  xmlns:mvc="http://www.springframework.org/schema/mvc"
  xmlns:xsi="http://www.w3.org/2001/XMLSchema-instance"
  xmlns:context="http://www.springframework.org/schema/context"
  xsi:schemaLocation="http://www.springframework.org/schema/beans
  http://www.springframework.org/schema/beans/spring-beans-3.2.xsd
  http://www.springframework.org/schema/mvc
  http://www.springframework.org/schema/mvc/spring-mvc-3.2.xsd
  http://www.springframework.org/schema/context 
  http://www.springframework.org/schema/context/spring-context-3.2.xsd">
	<!-- 定义组件扫描器，指定需要扫描的包 -->
	<context:component-scan base-package="cn.dsscm.controller" />	
	<!-- 定义视图解析器 -->
	<bean id="viewResolver" class=
    "org.springframework.web.servlet.view.InternalResourceViewResolver">
	     <!-- 设置前缀 -->
	     <property name="prefix" value="/WEB-INF/jsp/" />
	     <!-- 设置后缀 -->
	     <property name="suffix" value=".jsp" />
	</bean>
	<!-- 显示的装配自定义类型转换器 --> 
	<mvc:annotation-driven conversion-service="conversionService" />
	<!-- 自定义类型转换器配置 -->
 	<bean id="conversionService" 
			class="org.springframework.context.support.ConversionServiceFactoryBean">
		<property name="converters">
			<set>
				<bean class="cn.dsscm.convert.DateConverter" />
			</set>
		</property>
	</bean>
	<!-- 自定义类型格式化转换器配置 -->
<!-- 	<bean id="conversionService" 
		class="org.springframework.format.support.FormattingConversionServiceFactoryBean">
    	<property name="formatters">
        	<set>
            	<bean class="cn.dsscm.convert.DateFormatter" />
        	</set>
    	</property>
	</bean> -->
	
</beans> 