<?xml version="1.0" encoding="UTF-8"?>
<beans xmlns="http://www.springframework.org/schema/beans"
    xmlns:xsi="http://www.w3.org/2001/XMLSchema-instance"
    xmlns:mvc="http://www.springframework.org/schema/mvc"
    xmlns:p="http://www.springframework.org/schema/p"
    xmlns:context="http://www.springframework.org/schema/context"
    xsi:schemaLocation="
        http://www.springframework.org/schema/beans
        http://www.springframework.org/schema/beans/spring-beans.xsd
        http://www.springframework.org/schema/context
        http://www.springframework.org/schema/context/spring-context.xsd
        http://www.springframework.org/schema/mvc
        http://www.springframework.org/schema/mvc/spring-mvc.xsd">
	<!-- 定义组件扫描器，指定需要扫描的包 -->
	<context:component-scan base-package="cn.dsscm.controller" />
	<!-- 配置注解驱动 -->
	<mvc:annotation-driven />
	
	<!-- 定义视图解析器 -->
	<bean id="viewResolver" class=
    "org.springframework.web.servlet.view.InternalResourceViewResolver">
	     <!-- 设置前缀 -->
	     <property name="prefix" value="/WEB-INF/jsp/" />
	     <!-- 设置后缀 -->
	     <property name="suffix" value=".jsp" />
	</bean>
	<!-- 配置文件上传解析器 MultipartResolver -->
	<bean id="multipartResolver" 
	class="org.springframework.web.multipart.commons.CommonsMultipartResolver">
          <!-- 设置请求编码格式-->
          <property name="defaultEncoding" value="UTF-8" />
	</bean>
</beans>