<?xml version="1.0" encoding="UTF-8"?>
<beans xmlns="http://www.springframework.org/schema/beans"
	xmlns:xsi="http://www.w3.org/2001/XMLSchema-instance"
	xsi:schemaLocation="http://www.springframework.org/schema/beans 
 	http://www.springframework.org/schema/beans/spring-beans-3.2.xsd">
	<!-- 1配置数据源 -->
	<bean id="dataSource" class=
     "org.springframework.jdbc.datasource.DriverManagerDataSource">
		<!--数据库驱动 -->
		<property name="driverClassName" value="com.mysql.cj.jdbc.Driver" />
		<!--连接数据库的url -->
		<property name="url" value="jdbc:mysql://localhost:3306/testdb?serverTimezone=UTC" />
		<!--连接数据库的用户名 -->
		<property name="username" value="root" />
		<!--连接数据库的密码 -->
		<property name="password" value="root" />
	</bean>
	<!-- 2配置JDBC模板 -->
	<bean id="jdbcTemplate" class="org.springframework.jdbc.core.JdbcTemplate">
		<!-- 默认必须使用数据源 -->
		<property name="dataSource" ref="dataSource" />
	</bean>
	<!--定义id为accountDao的Bean-->
	<bean id="accountDao" class="cn.test.dao.UserAccountDaoImpl">
		<!-- 将jdbcTemplate注入到accountDao实例中 -->
		<property name="jdbcTemplate" ref="jdbcTemplate" />
	</bean>
</beans>