<?xml version="1.0" encoding="UTF-8"?>  
    <!DOCTYPE configuration   
        PUBLIC "-//mybatis.org//DTD Config 3.0//EN"   
        "http://mybatis.org/dtd/mybatis-3-config.dtd">
<configuration>
	<settings>
		<!-- changes from the defaults -->
		<setting name="lazyLoadingEnabled" value="false" />
		<setting name="autoMappingBehavior" value="FULL"/>
	</settings>
	<typeAliases>
		<!--这里给实体类取别名，方便在mapper配置文件中使用 -->
		<package name="cn.dsscm.pojo" />
	</typeAliases>
	<!-- 分页助手 -->
	<plugins>
		<!-- com.github.pagehelper为PageHelper类所在包名 -->
		<plugin interceptor="com.github.pagehelper.PageHelper">
			<!-- 数据库方言 -->
			<property name="dialect" value="MySQL" />
			<!-- 设置为true时，使用RowBounds分页会进行count查询 会去查询出总数 -->
			<property name="rowBoundsWithCount" value="true" />
			<!-- 支持通过Mapper接口参数来传递分页参数 -->
			<property name="supportMethodsArguments" value="true" />
		</plugin>
	</plugins>
</configuration>  